tweet_id,prediction
1234964653014384644,0.0
1234685467682979840,1.0
1235219248903073800,0.0
1235185048078278657,0.0
1234916336393969667,0.0
1234835892159877121,0.0
1235001112735944705,0.0
1235172654778167296,0.0
1235216569539551232,0.0
1234966189668995078,0.0
1234980702103334914,1.0
1234911733111808007,1.0
1235403545597407232,1.0
1235087583396261891,1.0
1235355704753557505,1.0
1234918699011919872,1.0
1235018922023440385,0.0
1235341250284474370,0.0
1235094882915471365,1.0
1234546210356154368,1.0
1235203167127834625,1.0
1235411401532817409,0.0
1235279506648248321,0.0
1234851353609961472,0.0
1236973932885856263,0.0
1236095180459003909,0.0
1237214389058535424,0.0
1236933818654896129,0.0
1237144385629728768,0.0
1236130927211728896,0.0
1237178863970631680,0.0
1234923352810119168,0.0
1237581997955940353,0.0
1236885723946631173,0.0
1237420330924142592,0.0
1236720939502407680,0.0
1237116701872971776,0.0
1237101573941137409,1.0
1237235648026689536,0.0
1236799165490958340,0.0
1235959901945389058,0.0
1237425945012813824,1.0
1237448230381801475,0.0
1237057600925175808,1.0
1237612187570470912,0.0
1222318351357054976,0.0
1237275231783284736,0.0
1237513303720521728,0.0
1235951676294606848,0.0
1236615342736076801,0.0
1236269496878366726,0.0
1236839326916341760,0.0
1237107071947948032,1.0
1236906182796644353,0.0
1237580045553524736,1.0
1236253902242226176,0.0
1237219150931599362,1.0
1237156303304302592,1.0
1237478365638074374,1.0
1237107445685772289,0.0
1236840007480020992,1.0
1237460460749766657,0.0
1237015260571168768,0.0
1236848918849294336,0.0
1236181131147522049,0.0
1237026024069533696,1.0
1236791600920969216,1.0
1236792112840151040,0.0
1236570542112530432,0.0
1236789475608596480,1.0
1237021885239635969,0.0
1236843649775947776,0.0
1237380297093779457,1.0
1236747377492582400,0.0
1237338299599065088,0.0
1236911237922836480,0.0
1237545964727984129,0.0
1236833678380027904,1.0
1237608143519014913,0.0
1237015945186398208,0.0
1237562584477265920,0.0
1237077247636496385,0.0
1236992946509094913,1.0
1236370045841723393,0.0
1236784258431188992,0.0
1237011237273317377,1.0
1236751509322334210,0.0
1237442793242591234,1.0
1237003634036129793,0.0
1237116341011853312,1.0
1236987681088757760,1.0
1237001239285637122,0.0
1237326777132998657,0.0
1236792832247160844,1.0
1236819137575424006,0.0
1237159950209683457,1.0
1237155101418143745,0.0
1237123102498328583,1.0
1237129805310701569,0.0
1236933821414719488,0.0
1237290871319670785,1.0
1237563898577817601,0.0
1236856662411096067,0.0
1236699162965463040,0.0
1237423111458492418,1.0
1237050695330775042,1.0
1236870702277353472,1.0
1237229847211995136,0.0
1237138237724004352,0.0
1237279939239559168,0.0
1236837748167843840,1.0
1237447838948302849,1.0
1237192137751449600,0.0
1237437814301773825,0.0
1237132055839936514,1.0
1237365610486599681,0.0
332105177307947008,0.0
1236980675674341376,1.0
1236914622814466048,1.0
1237453381175820289,1.0
1237201371750895617,0.0
1241637320325029889,0.0
1242137430322446344,1.0
1240676575168921600,0.0
1240768501452697600,1.0
1241254183979765761,1.0
1242302400762908685,0.0
1241247329572683776,1.0
1240666954958069768,0.0
1241952866404687872,0.0
1240714976060248064,0.0
1241439824239906817,0.0
1242187597952069635,1.0
1240340480342310915,0.0
1242255630938845184,0.0
1242114805588267008,0.0
1240743583860195328,0.0
1240722087381262337,1.0
1240328267472740352,0.0
1241836135195828225,0.0
1240906846933790720,1.0
1240647292543262721,1.0
1240596164178657280,0.0
1241924168263897089,0.0
1242195174257819651,0.0
1241119424729559041,0.0
1242212614610051075,1.0
1242292061925076997,1.0
1240808335349342208,0.0
1240453761434148864,0.0
1241935299833253891,1.0
1238869710046777344,0.0
1240810239101935616,0.0
1241836819362299906,0.0
1241272447187419137,1.0
1242373497948491776,1.0
1241665385302306816,0.0
1240963320322162688,0.0
1241587305644724225,0.0
1241156711823572992,0.0
1241075579601985536,1.0
1242001719996739584,0.0
1241388679722979328,0.0
1241120640981250048,0.0
1242234440996335627,0.0
1241143349047853056,1.0
1235418456641531906,0.0
1235786467420581888,1.0
1235589440870981632,0.0
1236020820947931136,0.0
1235402290997141505,0.0
1235248869463732224,0.0
1235631509983412224,0.0
1235760705741127683,0.0
1236059089630908419,1.0
1235760802851778560,0.0
1235719492493172737,0.0
1235618874621558791,0.0
1236069356032802817,0.0
1235801885354758144,0.0
1236060750210387970,0.0
1236071277955252226,0.0
1235586819795947521,1.0
1235703439688175618,1.0
1235717251753369600,0.0
1235545254347984897,0.0
1235964038242340866,1.0
1235586291200389120,0.0
1235687344751034369,1.0
1235938655249870848,1.0
1235908760620748800,0.0
1235711139620753408,1.0
1235876564761374720,0.0
1235625977750974464,0.0
1235831463121059840,0.0
1236059762544070657,1.0
1235967176475111432,1.0
1235907677361930240,1.0
1235833333331800066,1.0
1236047842776698881,1.0
1235809099062730753,0.0
1235600358761615361,0.0
1235612846588862466,0.0
1235770706765451264,1.0
1235973416995315712,0.0
1235675024738185239,1.0
1359350943356174337,0.0
1350165688061669378,0.0
1350164995686936578,0.0
1370008076489789440,0.0
1367726730044207104,0.0
1368249497734713346,1.0
1355801491190280192,0.0
1369771518239072260,0.0
1358119265774280709,0.0
1367517694279393282,1.0
1366074035348467712,0.0
1370112440646647812,0.0
1360255266672021504,0.0
1364973838233194497,0.0
1363024347066208256,0.0
1370003882236084231,0.0
1365011945108176901,0.0
1356605799766745090,0.0
1352028219063603202,0.0
1370223893714243584,0.0
1368561780142792705,1.0
1366780368318312449,0.0
1363510191464054785,0.0
1367820629886504961,0.0
1369404118759055364,0.0
1367717174236839937,1.0
1353116572924203008,0.0
1369629278053269507,0.0
1370067857233481729,0.0
1369397833032478720,0.0
1370017732159299585,1.0
1367168699464040451,0.0
1355178617790230529,0.0
1368105316315918336,0.0
1368144894305263617,0.0
1369992062364491777,0.0
1367881765516414979,0.0
1370081794666557444,0.0
1368622542915858434,0.0
1363386810060050433,0.0
1368941922018942977,0.0
1369988661815689218,0.0
1352347770758320129,0.0
1370481800678547457,0.0
1362414673954562052,0.0
1366743593650688002,1.0
1368565129583935489,0.0
1367999546903650304,0.0
1366169316115296256,0.0
1354009455378182144,0.0
1369746723531264004,0.0
1371029289458565120,0.0
1368642107704020996,0.0
1365833615452614656,0.0
1354817763336810505,0.0
1370528224124547076,0.0
1367834808353656832,0.0
1367612647563288578,0.0
1370450657275215873,0.0
1364949979308113922,0.0
1369663698021810181,0.0
1368202666879422465,0.0
1369363349746688008,0.0
1352724468007727104,0.0
1369014312136761348,0.0
1367454131636604943,1.0
1370376795506286592,0.0
1369124315363475456,0.0
1368841561933549568,0.0
1369537957510676482,0.0
1367181649348341773,0.0
1369936390641844225,0.0
1368557112624885763,0.0
1368206109983600643,0.0
1371069095831998464,1.0
1370004736011874307,0.0
1368909485910155269,0.0
1368480673581858819,0.0
1368231290646986755,0.0
1370401892585644036,0.0
1369997317923889152,0.0
1369060869028642816,0.0
1368449543382003713,0.0
1370431478321053703,0.0
1370401418960601092,0.0
1369913482158690308,0.0
1368214841635332100,0.0
1234869939720216578,0.0
1234634259912155137,0.0
1235265562990637056,0.0
1235197302333149185,1.0
1234933752498921473,0.0
1235278295211618304,0.0
1235029940208205825,0.0
1234930572411244544,1.0
1234966701218967553,1.0
1235479539666399234,1.0
1235084048055152642,0.0
1234746024767287296,1.0
1235309210667290628,1.0
1234905840995491842,0.0
1235794636481785857,0.0
1235207170322583553,0.0
1234979683499855874,0.0
1235178507820347392,1.0
1237436114887041024,0.0
1237152789815529472,0.0
1236309595544584192,0.0
1237024977616019456,0.0
1236954229186723840,1.0
1236549305189597189,0.0
1237178119422803968,0.0
1237514319211794433,0.0
1236467114933813248,1.0
1237149205681942528,0.0
1237348299197169664,0.0
1237021115299569665,0.0
1237351232454438913,0.0
1237493419510919168,0.0
1237048775526547456,1.0
1237165569457225728,0.0
1236473220783636481,0.0
1237419307782393857,0.0
1237249222442807296,0.0
1236937893798707201,0.0
1237514979881844737,0.0
1236064273186672640,0.0
1236535783605121026,0.0
1236887326753574912,1.0
1236666314212556800,1.0
1236754358886371328,0.0
1237440523327045632,0.0
1236576408471822336,1.0
1236709853126627337,0.0
1236694056433926146,0.0
1237497416862986241,0.0
1236678669768093701,0.0
1237310167814791168,0.0
1237395939171561472,0.0
1237204103970689026,1.0
1236798686115565569,0.0
1237049357553278976,0.0
1236640295728578565,0.0
1236680328875474944,0.0
1237516106895679488,0.0
1237096863624507398,0.0
1237547773093797888,0.0
1237583668073369600,1.0
1224784470642962433,1.0
1237055230224801799,0.0
1236784596550914048,0.0
1237137910270316544,0.0
1236718981706387462,0.0
1236776553305878528,0.0
1236817440606056448,0.0
1236490588276523008,0.0
1236973525866602496,0.0
1236321657096032256,0.0
1236386465086615557,0.0
1237326787111239681,1.0
1237560750102556672,1.0
1236973636751425536,0.0
1237186543741218816,1.0
1237140355025383429,0.0
1237066837294231558,0.0
1237463928688566272,1.0
1234127545022533639,0.0
1237171028717076485,1.0
1237324168334581760,0.0
1237140163702161408,1.0
1237507876345786370,0.0
1237640389361876992,0.0
1237525794299080705,0.0
1237092815433158656,1.0
1237221606377865216,0.0
1237015745583669248,0.0
1237269456319021056,0.0
1237344519777067008,0.0
1237577428882452480,1.0
1236836747352260608,1.0
1237127396026748928,1.0
1237251356303507456,0.0
1236877340615081984,0.0
1236700488172810240,0.0
1237215810743140353,1.0
1237277820646313984,1.0
1237145157583192064,0.0
1237281410701864967,0.0
1236850730163560448,0.0
1237570737788948481,1.0
1236871650936680449,1.0
1237522249118171136,0.0
1237543113591107585,1.0
1237437380929499138,0.0
1241062514886090754,0.0
1241447017945223169,0.0
1241519420628963330,0.0
1242125087886761987,0.0
1241973404992802818,0.0
1241057919128526856,0.0
1240633773965918210,0.0
1241871812591419392,0.0
1242476408896507910,0.0
1241403715036291072,0.0
1242087413868003333,0.0
1241225019952263170,0.0
1240805124143906816,0.0
1240683123362406410,0.0
1241385872001384449,0.0
1240690021759238144,0.0
1241050910085840903,0.0
1241135631406977031,0.0
1240859409397547010,1.0
1240729932948439045,0.0
1241720506153201665,0.0
1241052280452833281,0.0
1242458760364175360,0.0
1241566743815913472,0.0
1242414406203371520,1.0
1240810734315024386,1.0
1241184976974077953,0.0
1242223348236550147,0.0
1240736835732717571,0.0
1241782106646249474,1.0
1242115593383247873,0.0
1241134916441722882,0.0
1242397688961753088,0.0
1242626001479372806,1.0
1241899861403983880,0.0
1241253205406822400,1.0
1241114836433584130,1.0
1241949968174387200,1.0
1242514092339925000,1.0
1241042191004336136,0.0
1241109446111174657,0.0
1240830754646523905,0.0
1242476319608201216,0.0
1241142266586173446,1.0
1235714275752267776,1.0
1235256530728972290,1.0
1235648554338791427,0.0
1235674258858061825,1.0
1235663306246860800,0.0
1235602629247537154,0.0
1235566351093137408,0.0
1235758466784014337,1.0
1235956474955718656,1.0
1235953995161595904,1.0
1235685422598062082,0.0
1235636443369873415,1.0
1235713244649713665,1.0
1235909436033699847,0.0
1235795983503630336,0.0
1235927534308556802,0.0
1235743728247037952,0.0
1235791843926761475,1.0
1236048815754326016,1.0
1235347146850914306,0.0
1235785921318072320,1.0
1235617743161815041,0.0
1235941267047174150,1.0
1235521471587299329,0.0
1235585206431580162,0.0
1235661301835235328,1.0
1235676894026231812,1.0
1235949880952094720,0.0
1235714668833828864,0.0
1235788042889318400,0.0
1235840256831709184,0.0
1235829825706680322,1.0
1235582989511213056,1.0
1235973434095669254,0.0
1235936415516700675,0.0
1235563421459976193,0.0
1235902012375674881,1.0
1235817262847635457,0.0
1235681932790427653,1.0
1236012995408470017,0.0
1235987075440283648,1.0
1235985070009221120,0.0
1235423171504898048,0.0
1235409987901493248,0.0
1235995458356551681,1.0
1236068998883741696,1.0
1235949483038474240,0.0
1235984794741338112,1.0
1236058032250986497,1.0
1235577466204418048,0.0
1369749539154919425,0.0
1365684673205084166,0.0
1354166371526041603,0.0
1357381185505288200,0.0
1354211785293746177,0.0
1369369392052637696,0.0
1367859250316378121,0.0
1369770494703116296,0.0
1365385808316944386,0.0
1367295604703993856,0.0
1367097428785000451,0.0
1369998582435229696,0.0
1367201792002576385,0.0
1370569956811739137,0.0
1370174548411305990,0.0
1369375694451531781,0.0
1369512362873589760,0.0
1364671748977946631,0.0
1367808327720329218,1.0
1367254708713369600,0.0
1369877253849411584,0.0
1368110912629051394,0.0
1353016312520450054,0.0
1368703552546308099,0.0
1368852057520758789,0.0
1367542118093361156,0.0
1370092407920979975,0.0
1368236350948970499,0.0
1369002969795067908,0.0
1370097091733823490,1.0
1369993914216632325,1.0
1363964279997743108,0.0
1368885882707578885,0.0
1367170117226881030,0.0
1367571443014389764,0.0
1368825655627046912,0.0
1370624542285074433,0.0
1357833978363998213,0.0
1370181780284698624,0.0
1370499629641515011,0.0
1371031264061456387,0.0
1369425741423722506,0.0
1369037738880741379,0.0
1365618698388660227,0.0
1370833557938184195,0.0
1353183744291528704,1.0
1365039860700958720,0.0
1368902758770806788,0.0
1364332661859373060,0.0
1367838067537702921,0.0
1371090721122435076,0.0
1370755808477253634,0.0
1366391337239650304,0.0
1369662353302753282,0.0
1368939079400886279,0.0
1368167688128901127,0.0
1357083474625257478,0.0
1370208988604854272,0.0
1370200438880997376,0.0
1368691132180336647,0.0
1357388201388875777,0.0
1370887478027169793,0.0
1368362448915402753,0.0
1361076515912503298,0.0
1370138417678458885,0.0
1368234967742955522,0.0
1370041269490225152,0.0
1367979849479036928,0.0
1367916689023721473,0.0
1369641693126029314,0.0
1370082788825829376,0.0
1366802853826682885,0.0
1368614925233364992,0.0
1367555704815501319,0.0
1369386668864790535,0.0
1369032401184296963,0.0
1368909462183022595,0.0
1368542133381079040,0.0
1370955351680561154,1.0
1370471611925684225,0.0
1368427447788728322,0.0
1367813392845602816,1.0
1367371211081199622,0.0
1368245137147650049,0.0
1369261312824475649,0.0
1367881542240903168,0.0
1367501020583129092,0.0
1367406111956033538,0.0
1370462605819531265,0.0
1369819551504949249,0.0
1370350443554078727,0.0
1369523567709188097,0.0
1234873136304267267,0.0
1235071285027147776,1.0
1234911110861594624,1.0
1235083359501430789,0.0
1234979421464879105,1.0
1234650511636410368,0.0
1234831345777627138,0.0
1235239113298759680,1.0
1235037111239077889,1.0
1235043647038443523,0.0
1234887886354382849,0.0
1234872254883909642,1.0
1234376367392739329,0.0
1235198753671385091,0.0
1235085578795794433,0.0
1235195629674037248,0.0
1234872193760129024,1.0
1235247452145451013,1.0
1235405659765534720,0.0
1234956181610823680,0.0
1235445761195696131,0.0
1235039773049278466,0.0
1235285999355334663,0.0
1236728416595927040,0.0
1237483793868603403,0.0
1237586009895792640,0.0
1237311577122054144,0.0
1237068388905730048,0.0
1235983259797864449,0.0
1237503956537847808,0.0
1236354019607465984,0.0
1237143942233231360,0.0
1237398713313693697,0.0
1237316237568299008,0.0
1237198712855654402,0.0
1236423605241753602,0.0
1236721200291655680,0.0
1237115374757392392,0.0
1237532838930477057,0.0
1237610510276636672,0.0
1237056963340574722,1.0
1236720562833100800,0.0
1237355275662659584,0.0
1236851196708577280,0.0
1236130769203937280,0.0
1237562508258340869,0.0
1237138303079587841,1.0
1224709717135626242,0.0
1236695016891916288,0.0
1237362407506313216,0.0
1237503474159452161,0.0
1236675730496339969,0.0
1237029555015213056,0.0
1237109798971355137,0.0
1237227416042364933,0.0
1236837019336269826,1.0
1236101614181720069,0.0
1237399797734223873,0.0
1236100103917756416,0.0
1236790504249057280,0.0
1221825190847483907,1.0
1236505833673879552,0.0
1236766822684405766,0.0
1236951328783388672,0.0
1237107865325834246,1.0
1236448518585319424,1.0
1237391701775249408,0.0
1237068715314892802,1.0
1236289649737371648,1.0
1237501242567544835,0.0
1237029903112888321,0.0
1237477595916251137,1.0
1237138362261258244,1.0
1237034836893650945,1.0
1237503272555909120,0.0
1236699280569774081,0.0
1236858896452653057,0.0
1237481855026204672,0.0
1237321939812847619,0.0
1237115980532322304,0.0
1237196467703611392,0.0
1237279852383875076,0.0
1237254973639086081,1.0
1236757790971977730,0.0
1237075742212657155,0.0
1236865739392315392,0.0
1237513338072059907,1.0
1237613000141475840,0.0
1237057905565806594,0.0
1236751849769676801,1.0
1237585675571974145,0.0
1237070550679379968,1.0
1237412870192640005,0.0
1237219650456489984,1.0
1237040928092639232,1.0
1237124933211348992,1.0
1237330231293288449,1.0
1237460074123190273,1.0
1236509612142145536,0.0
1237373539176628225,1.0
1237507195228442625,1.0
1236537380342915072,1.0
1236352461088198656,0.0
1237090533144702976,0.0
1236724459723198466,0.0
1237381976438517760,1.0
1237403097284001794,1.0
1234409838358224897,1.0
1237161100891865096,1.0
1237013218318565379,0.0
1237031596982702083,0.0
1236605070902300673,1.0
1237034194355867648,0.0
1236966093329227779,1.0
1236995216982171648,1.0
1237409662410149888,0.0
1236908141528387585,1.0
1236965493036044288,0.0
1237481293836926979,1.0
1236712523501428736,1.0
1237014735398285312,1.0
1237159556943413248,1.0
1237303666920394753,1.0
1237495469397475331,1.0
1236708567471833090,0.0
1237307936235327489,0.0
1236636155153547265,0.0
1237415795740692480,0.0
1241025578527903750,0.0
1240467080954228737,0.0
1241161304771039233,0.0
1241429041011478529,0.0
1241009089091600392,0.0
1241696164782669824,0.0
1241902001539203073,0.0
1240781688818589697,0.0
1241528549183385601,0.0
1241359584784044033,0.0
1241054976270614535,1.0
1240847006907711490,0.0
1241745355957514241,0.0
1240618235499819008,1.0
1240630649192677378,0.0
1242136816469389316,0.0
1240797127539920896,0.0
1241512518721376257,0.0
1241951568855019521,0.0
1242540756209774592,1.0
1242228808264155138,1.0
1242282560106958854,0.0
1241125126340595712,1.0
1241421603575119874,1.0
1241111496039546882,0.0
1241923572144074754,1.0
1242061429789909001,0.0
1240683310717661184,0.0
1241497054817509376,1.0
1241898619965509637,1.0
1241842361472294915,1.0
1242143473710448640,1.0
1241356310555361280,1.0
1241117279556902914,1.0
1241930121570742272,1.0
1242550032940830724,1.0
1241914726109663233,0.0
1242505023600447491,1.0
1242322693086760960,0.0
1242320472718692352,1.0
1241313848939986947,1.0
1241649820273709056,0.0
1241365063598030849,1.0
1242226084504129537,0.0
1242492018275889152,0.0
1242419733854588930,0.0
1241908426327941120,0.0
1241631591647997952,1.0
1241619416594255872,1.0
1241617169223274499,1.0
1242349466239127553,1.0
1241617994276409344,1.0
1242329847655026689,0.0
1241385282093580290,1.0
1235725137468514305,1.0
1235812754495172608,1.0
1235287380292235264,1.0
1235777621604134914,0.0
1235913020469108737,0.0
1235953286961913857,1.0
1235963807584915457,0.0
1235723999897882624,1.0
1234747040669716482,0.0
1235506614272241664,0.0
1234245348572487682,0.0
1235754913264779270,0.0
1235882155357728771,0.0
1235735428872974340,0.0
1236034841860136960,1.0
1235637588691759104,0.0
1236056191324864515,1.0
1235959558058754048,0.0
1235732952014893057,0.0
1235914188742160385,1.0
1236052329457041408,0.0
1235824553936338946,0.0
1235789208012365824,1.0
1235592458563698690,0.0
1235341005597085697,1.0
1235682242774437888,1.0
1367961367882444800,1.0
1370003879455297540,0.0
1367232803071422464,0.0
1368585187500691461,1.0
1367921612780081155,0.0
1365324501475594243,0.0
1366814345443872769,0.0
1350907284575043584,1.0
1370453239309680640,0.0
1365752431489912833,0.0
1367265365517041672,0.0
1367586954502492161,0.0
1364402806992568320,1.0
1369788331232493573,0.0
1369591200093732864,0.0
1369988744728616965,0.0
1370046383458246659,0.0
1368710661677723649,1.0
1366247263832477701,0.0
1354947562617380873,0.0
1366179764017504260,0.0
1361859919708901383,0.0
1363354245576220672,0.0
1366958948641832963,0.0
1367813077949964288,0.0
1367450233702121477,0.0
1370098291627585537,0.0
1366473416115683339,0.0
1359935048900702209,0.0
1369573711620284416,0.0
1370071438980448260,1.0
1371084197637545988,0.0
1370443379113402378,0.0
1369880028599644162,0.0
1370842636089765897,0.0
1367982412332900352,1.0
1365226137681600512,0.0
1367574018451210240,0.0
1370142489764528128,0.0
1369577517435269122,0.0
1370275496982941696,1.0
1369505827774734336,0.0
1361773597963005959,0.0
1369875983860297730,0.0
1369357340881870851,0.0
1369303784950804480,0.0
1368215862675709955,0.0
1367479702093516801,0.0
1367487087092649994,0.0
1348932735289606153,0.0
1366968641103667202,0.0
1370387358722490370,0.0
1370457500672200704,0.0
1370157384824328194,0.0
1369591376187449350,0.0
1368397582872043520,0.0
1367822261558910978,0.0
1370393398239240192,0.0
1369718019790954504,0.0
1368507467047571460,1.0
1368432601891934210,0.0
1370448903737384961,0.0
1370014713887723520,0.0
1369268443149705223,0.0
1368583803371991045,0.0
1370736907060092929,1.0
1370422466363977737,0.0
1370348460982034436,0.0
1370368951272800258,1.0
1369766736849997827,0.0
1369372154387652611,0.0
1371102396076679170,0.0
1369293334477471748,1.0
1371098293292445697,0.0
1367969699317702657,0.0
1371107611584696322,1.0
1366800933565435907,0.0
1369835335178481668,0.0
1368919091067711494,0.0
1368193973228027905,1.0
1367906369693696000,0.0
1370706269993107463,0.0
1370523241564012544,0.0
1368629520354320391,1.0
1368586349465452548,0.0
1235024875279933440,0.0
1234616723615166465,1.0
1235351764737675264,0.0
1235149229179404289,1.0
1235210250812305408,0.0
1234778537615212544,0.0
1235166676309676032,1.0
1235409660104015873,1.0
1235234176414162944,1.0
1234830346182709249,0.0
1234928054927077385,1.0
1235102963640696832,0.0
1234548306451234817,1.0
1235375867917930498,1.0
1234614110198943747,1.0
1234959222196056067,1.0
1235305149981130757,1.0
1235134799121199105,0.0
1235178131880841216,0.0
1234595138200010757,0.0
1235350022302158849,1.0
1234899404282155008,0.0
1234812508780802048,0.0
1237399131074768897,0.0
1236468055967842304,0.0
1237244213424787457,0.0
1237104726048518147,0.0
1237165006338150400,0.0
1237177566168895488,0.0
1237437567395606530,0.0
1237189811984883712,0.0
1236168172257984512,0.0
1236077956138754049,0.0
1237383985258323969,1.0
1237558235210506241,0.0
1237036487151177728,1.0
1236918955937325056,0.0
1236476132272168960,1.0
1237017804961804290,0.0
1236967717535731712,0.0
1237453703466156034,0.0
1237492257458204673,1.0
1236739714897473536,1.0
1236095399691083776,1.0
1236718775099064320,0.0
1237503494325559296,1.0
1237349518359724032,0.0
1237238011642793984,0.0
1237430016478191619,0.0
1237404677307760640,1.0
1236932313642143745,0.0
1237270988334592001,0.0
1236936132715143168,0.0
1236601634454528000,1.0
1236829798133108736,0.0
1236254338651009024,1.0
1236863032229105664,0.0
1237075717810204672,1.0
1236999340419190784,1.0
1237457238140256256,0.0
1237582562362404865,0.0
1237170781509033984,1.0
1237042355812749314,1.0
1236702040149184512,0.0
1236673310542516226,1.0
1237375975228203008,1.0
1236854319556612097,1.0
1236324641397858304,1.0
1237283622589206530,1.0
1237611886905937920,0.0
1236766442571337729,0.0
1237235176452706304,0.0
1237305169932472320,0.0
1237137755651616770,0.0
1237122234675859456,0.0
1237361576480473088,0.0
1237130970396078084,0.0
1237543674675728386,0.0
1237010126881447936,0.0
1237024126889385986,0.0
1236759873884479490,0.0
1237047503029178370,1.0
1237263600584216577,1.0
1237271298557882368,0.0
1236874568268201987,0.0
1237553028648947714,1.0
1237057253460467713,1.0
1237086189548638208,0.0
1236885586746564608,1.0
1237254726170734592,1.0
1236690061573394433,0.0
1236906184537305088,1.0
1237097081371795456,0.0
1229402828814327808,0.0
1237123391880126470,1.0
1237340422822821888,1.0
1237108672549052417,0.0
1237534161658765314,0.0
1237397963040833536,1.0
1236924515822628864,0.0
1236855863475728384,0.0
1237426209920880641,1.0
1236835458979483648,0.0
1237030182852218883,0.0
1237197579550699521,0.0
1237238588158312448,1.0
1237564480646557697,1.0
1237659149766471681,0.0
1237119970645094402,0.0
1236976049864368129,1.0
1234830633018544128,0.0
1237337403523772416,1.0
1236988603873390592,1.0
1237490814424678401,1.0
1237119450731683846,0.0
1237387357759754240,1.0
1236880855903109121,1.0
1237295162394583040,1.0
1237228706818654208,0.0
1237258789973188608,1.0
1236793863127347200,0.0
1236834780487888897,1.0
1237573431308120064,1.0
1236829816978132993,0.0
1237562539124248578,1.0
1237405948085501953,1.0
1237094706477174784,0.0
1240716889162018816,0.0
1240717039377022977,1.0
1240334979701395458,0.0
1241447267502116864,0.0
1241337295606657033,1.0
1242414259407130624,0.0
1241465915486670848,0.0
1241466219791822849,0.0
1241287878354677760,1.0
1240335912329977858,0.0
1240987594080559105,0.0
1240620727306510342,0.0
1240780691362570240,0.0
1241699484469526531,0.0
1240789646893821953,0.0
1242131768662282243,0.0
1240852412203589632,0.0
1240831248861474816,0.0
1241986189437087744,0.0
1241090332676194310,1.0
1242493913337913345,0.0
1240353157693177858,0.0
1240709511226077186,0.0
1240858151211028480,0.0
1241019106771558401,0.0
1241904709583155206,1.0
1240681203449114630,0.0
1241052755793412096,1.0
1241789646037602307,1.0
1242428305359462400,1.0
1241770683090206721,0.0
1241962722008465408,1.0
1242393469001150466,1.0
1242443595673522177,0.0
1240942776629354496,1.0
1241616962045636608,1.0
1242115861114163201,0.0
1241774256511385602,0.0
1241370210575069184,0.0
1240681625756880897,0.0
1241683913535148032,1.0
1242107392713584642,1.0
1241340364830707712,1.0
1242182466892435461,1.0
1242566871964102657,0.0
1241608444966137856,0.0
1235436227140055040,1.0
1235620307534258176,0.0
1235950178789724168,0.0
1235788666737291264,1.0
1236029221706895360,1.0
1235635838052175878,1.0
1235740278901723136,0.0
1235281112684843009,0.0
1235714090057830402,0.0
1235669879027576833,0.0
1235811829751799810,0.0
1235350438658134019,0.0
1235966384053485568,0.0
1235912217943355392,1.0
1235751746107879424,1.0
1235778760932196357,0.0
1235407182168023040,0.0
1234756199335133184,0.0
1235714445747179520,0.0
1235911492932956160,1.0
1236036720656650240,1.0
1235921373991546882,1.0
1235967295660277761,0.0
1235599671571009536,1.0
1235724594071375873,1.0
1235939889578991626,1.0
1235786044936724480,1.0
1235945517416419331,1.0
1235799011853926400,1.0
1235616822646337536,0.0
1235252288609894400,0.0
1235973628329484288,1.0
1235598063625842688,1.0
1235914080931766274,0.0
1368273275181207552,1.0
1368830691300020225,1.0
1369888483414712322,0.0
1367771405647933444,0.0
1359553863590678533,1.0
1366637116097060867,0.0
1369198771330904070,1.0
1367555102291148801,0.0
1368254297704595456,0.0
1370487263558316036,0.0
1365057186334994443,0.0
1369730776321974275,0.0
1362858243735879680,0.0
1370191018243465219,0.0
1362466832146440197,0.0
1367493551291064321,0.0
1371118941460963331,0.0
1369032423695081476,0.0
1361400300070920196,0.0
1367511995746897921,0.0
1367882615496335362,0.0
1370050585924354053,0.0
1368992496798273541,1.0
1369942417722445832,0.0
1368474007578742786,0.0
1369517118970982400,0.0
1366472330025828355,0.0
1367611051618033665,0.0
1366780587734827012,1.0
1367183008537567232,0.0
1368072135546114049,0.0
1366953572005462023,0.0
1366435057343352833,0.0
1367271180160405507,0.0
1370692800497467393,0.0
1369247283091566599,0.0
1363534236330917889,0.0
1365683864602087435,0.0
1371061216131567618,0.0
1370496908574199809,0.0
1367133935474515971,1.0
1367295358154403840,0.0
1364978735116599299,0.0
1370587787142004737,0.0
1347155635016769536,1.0
1359822259364462592,0.0
1369591237234278406,0.0
1368473792985505801,0.0
1369647151794556929,0.0
1369819438170726400,0.0
1369839031253688322,0.0
1367584469348147200,0.0
1368072067065606154,0.0
1370322440086298625,0.0
1369070695368515585,0.0
1369725977899769860,0.0
1367841881707675650,0.0
1366511084325199875,0.0
1369988981270585349,1.0
1369956790360768513,0.0
1368874576151777280,0.0
1368602815862542343,0.0
1367863320909389830,0.0
1370706952037265412,0.0
1367919128338591744,0.0
1354820969802604554,0.0
1370403753959030791,0.0
1370192639010738180,0.0
1369572557658095621,0.0
1367907321649668096,0.0
1367249708729597953,0.0
1369584844854984704,0.0
1368227404246904835,1.0
1370414677252050945,1.0
1367951821193543687,0.0
1364234337508540417,0.0
1368259676362706944,0.0
1369826841964515329,0.0
1367204448095907847,0.0
1370845742550646784,0.0
1370033216107679754,0.0
1369591561663750144,0.0
1369452263043895299,1.0
1369279328438091783,0.0
1369997275553017863,0.0
1362435478264373250,0.0
